{"A":[[0.4244624762335151],[-0.12043759028432661],[0.02833356321034045],[-0.0023180295881827613],[0.4156123027222075],[-0.044829748219757104],[0.0018144298005961525],[-5.6744606518349674E-5],[-0.1448818577707638],[0.01001181817432114],[8.298829948737816E-5],[0.010103225178879209],[-0.0010748767177314355],[4.1381600084466907E-4]],"m":14,"n":1}